Workbook

Sheet Baca Saya
B1: Persamaan Perakaunan
B2: Prinsip Akaun. Percuma untuk digunakan dan dikongsi. Bukan untuk dijual.
B4: Cara menggunakan buku kerja ini
B5: 1. Baca nota dahulu. Kemudian buka tab Contoh (oren): tukar mana-mana angka biru dan lihat jawapan berubah.
B6: 2. Cuba tab soalan (biru). Taip jawapan dalam sel kuning.
B7: 3. Lajur kecil di sebelah setiap sel kuning menunjukkan ✓ (betul) atau ✗ (cuba lagi). Markah anda di bahagian atas.
B8: 4. Tarikh dan butir diberikan supaya helaian dapat menyemak angka anda. Cuba tulis akaun di atas kertas dahulu.
B9: 5. Tab Jawapan (hijau) menunjukkan jawapan penuh dalam format peperiksaan.
B11: Kunci warna
B12: 1000 | H12: Angka biru: maklumat soalan. Guru boleh menukarnya untuk membuat versi baharu.
B13: 1000 | H13: Angka hitam: formula. Jangan taip di atasnya.
H14: Sel kuning: taip jawapan anda di sini (nombor sahaja; 0 jika tiada).
B15: 1000 | H15: Sel hijau: jawapan yang betul (tab Jawapan).
B17: Helaian dalam buku kerja ini
B18: Helaian | I18: Kandungan
B19: Contoh | I19: Contoh (tab oren)
B20: S1 | I20: Soalan 1 (Kertas 2): Kesan urus niaga [10 markah]. Jawapan: S1 Jawapan (tab hijau).
B21: S2 | I21: Soalan 2 (Kertas 2): Pengiraan persamaan perakaunan [8 markah]. Jawapan: S2 Jawapan (tab hijau).

Sheet Contoh
B1: Contoh
B2: Contoh. Tukar mana-mana angka biru dan semua jawapan di bawah akan dikemas kini.
B3: Angka hitam ialah formula. Jangan taip di atasnya.
B5: Contoh: Perniagaan Aiman, Januari 2025. Setiap urus niaga memberi kesan kepada sekurang-kurangnya dua item, tetapi Aset = Liabiliti + Ekuiti Pemilik sentiasa seimbang.
B6: Urus niaga | I6: Tunai | L6: Bank | O6: Inventori | R6: Perabot | U6: Akaun Belum Terima | X6: Akaun Belum Bayar | AA6: Pinjaman | AD6: Ekuiti Pemilik
B7: 1. Memulakan perniagaan: RM20 000 ke bank dan RM2 000 tunai | I7: 2000 | L7: 20000 | O7: 0 | R7: 0 | U7: 0 | X7: 0 | AA7: 0 | AD7: 22000
B8: 2. Membeli perabot dengan cek RM3 000 | I8: 0 | L8: -3000 | O8: 0 | R8: 3000 | U8: 0 | X8: 0 | AA8: 0 | AD8: 0
B9: 3. Membeli barang niaga secara kredit daripada Kedai Siti RM5 000 | I9: 0 | L9: 0 | O9: 5000 | R9: 0 | U9: 0 | X9: 5000 | AA9: 0 | AD9: 0
B10: 4. Menjual barang niaga berkos RM2 000 secara kredit kepada Encik Lim, RM3 200 | I10: 0 | L10: 0 | O10: -2000 | R10: 0 | U10: 3200 | X10: 0 | AA10: 0 | AD10: 1200
B11: 5. Menerima pinjaman bank RM10 000 | I11: 0 | L11: 10000 | O11: 0 | R11: 0 | U11: 0 | X11: 0 | AA11: 10000 | AD11: 0
B12: 6. Membayar sewa kedai secara tunai RM800 | I12: -800 | L12: 0 | O12: 0 | R12: 0 | U12: 0 | X12: 0 | AA12: 0 | AD12: -800
B13: 7. Menerima cek RM3 000 daripada Encik Lim | I13: 0 | L13: 3000 | O13: 0 | R13: 0 | U13: -3000 | X13: 0 | AA13: 0 | AD13: 0
B14: 8. Membayar Kedai Siti dengan cek RM4 800 dan menerima diskaun RM200 | I14: 0 | L14: -4800 | O14: 0 | R14: 0 | U14: 0 | X14: -5000 | AA14: 0 | AD14: 200
B15: 9. Pemilik mengambil tunai RM500 untuk kegunaan sendiri | I15: -500 | L15: 0 | O15: 0 | R15: 0 | U15: 0 | X15: 0 | AA15: 0 | AD15: -500
B16: 10. Pemilik menambah modal: RM5 000 dimasukkan ke bank | I16: 0 | L16: 5000 | O16: 0 | R16: 0 | U16: 0 | X16: 0 | AA16: 0 | AD16: 5000
B17: Baki akhir | I17: =$I$7+$I$8+$I$9+$I$10+$I$11+$I$12+$I$13+$I$14+$I$15+$I$16 -> 700 | L17: =$L$7+$L$8+$L$9+$L$10+$L$11+$L$12+$L$13+$L$14+$L$15+$L$16 -> 30200 | O17: =$O$7+$O$8+$O$9+$O$10+$O$11+$O$12+$O$13+$O$14+$O$15+$O$16 -> 3000 | R17: =$R$7+$R$8+$R$9+$R$10+$R$11+$R$12+$R$13+$R$14+$R$15+$R$16 -> 3000 | U17: =$U$7+$U$8+$U$9+$U$10+$U$11+$U$12+$U$13+$U$14+$U$15+$U$16 -> 200 | X17: =$X$7+$X$8+$X$9+$X$10+$X$11+$X$12+$X$13+$X$14+$X$15+$X$16 -> 0 | AA17: =$AA$7+$AA$8+$AA$9+$AA$10+$AA$11+$AA$12+$AA$13+$AA$14+$AA$15+$AA$16 -> 10000 | AD17: =$AD$7+$AD$8+$AD$9+$AD$10+$AD$11+$AD$12+$AD$13+$AD$14+$AD$15+$AD$16 -> 27100
B18: Aset: Tunai hingga Akaun Belum Terima. Liabiliti: Akaun Belum Bayar dan Pinjaman. Angka negatif bermaksud berkurang.
B20: Jumlah Aset (RM) | X20: =$I$17+$L$17+$O$17+$R$17+$U$17 -> 37100
B21: Jumlah Liabiliti + Ekuiti Pemilik (RM) | X21: =$X$17+$AA$17+$AD$17 -> 37100
B22: Perbezaan (mesti 0) | X22: =$X$20-$X$21 -> 0
B24: Penyata Kedudukan Kewangan Perniagaan Aiman pada 31 Januari 2025
B25: Perniagaan Aiman
B26: Penyata Kedudukan Kewangan pada 31 Januari 2025
E27: Butir | R27: RM | W27: RM | AB27: RM
E28: Aset
E29: Perabot | W29: =$R$17 -> 3000
E30: Inventori | W30: =$O$17 -> 3000
E31: Akaun Belum Terima | W31: =$U$17 -> 200
E32: Bank | W32: =$L$17 -> 30200
E33: Tunai | W33: =$I$17 -> 700
E34: Jumlah Aset | AB34: =$X$20 -> 37100
E35: Liabiliti
E36: Pinjaman bank | W36: =$AA$17 -> 10000
E37: Akaun Belum Bayar | W37: =$X$17 -> 0
E38: Jumlah Liabiliti | AB38: =$AA$17+$X$17 -> 10000
E39: Ekuiti Pemilik | AB39: =$AD$17 -> 27100
E40: Jumlah Liabiliti dan Ekuiti Pemilik | AB40: =$X$21 -> 37100

Sheet S1
B1: Soalan 1 (Kertas 2): Kesan urus niaga [10 markah]
B2: Taip jawapan anda dalam sel kuning. Nombor sahaja: tanpa RM, tanpa koma. Masukkan 0 jika tiada jawapan. Gunakan tanda tolak (-) untuk pengurangan. ✓ = betul, ✗ = cuba lagi.
B3: Markah anda: | H3: =COUNTIF(B4:AG22,"✓")&" betul daripada 27 sel jawapan" -> 0 betul daripada 27 sel jawapan
B5: Perniagaan Nurul memulakan operasi pada 1 Mac 2025. Urus niaga berikut berlaku pada bulan Mac 2025.
B7: (a) Lengkapkan jadual berikut untuk menunjukkan kesan bersih setiap urus niaga ke atas Aset, Liabiliti dan Ekuiti Pemilik. Gunakan + untuk bertambah, - untuk berkurang dan 0 jika tiada kesan. [8 markah]
B8: Urus niaga | O8: Aset (RM) | U8: Liabiliti (RM) | AA8: Ekuiti Pemilik (RM)
B9: 1. Nurul memulakan perniagaan dengan RM15 000 di bank dan sebuah kenderaan bernilai RM25 000. | T9: =IF(O9="","",IFERROR(IF(ABS(O9-'S1 Jawapan'!O9)<0.5,"✓","✗"),"✗")) | Z9: =IF(U9="","",IFERROR(IF(ABS(U9-'S1 Jawapan'!U9)<0.5,"✓","✗"),"✗")) | AF9: =IF(AA9="","",IFERROR(IF(ABS(AA9-'S1 Jawapan'!AA9)<0.5,"✓","✗"),"✗"))
B10: 2. Membeli barang niaga secara kredit RM3 600 daripada Syarikat Bina. | T10: =IF(O10="","",IFERROR(IF(ABS(O10-'S1 Jawapan'!O10)<0.5,"✓","✗"),"✗")) | Z10: =IF(U10="","",IFERROR(IF(ABS(U10-'S1 Jawapan'!U10)<0.5,"✓","✗"),"✗")) | AF10: =IF(AA10="","",IFERROR(IF(ABS(AA10-'S1 Jawapan'!AA10)<0.5,"✓","✗"),"✗"))
B11: 3. Membeli mesin RM6 000. RM2 000 dibayar dengan cek dan bakinya secara kredit. | T11: =IF(O11="","",IFERROR(IF(ABS(O11-'S1 Jawapan'!O11)<0.5,"✓","✗"),"✗")) | Z11: =IF(U11="","",IFERROR(IF(ABS(U11-'S1 Jawapan'!U11)<0.5,"✓","✗"),"✗")) | AF11: =IF(AA11="","",IFERROR(IF(ABS(AA11-'S1 Jawapan'!AA11)<0.5,"✓","✗"),"✗"))
B12: 4. Menjual barang niaga berkos RM1 500 secara tunai dengan harga RM2 300. | T12: =IF(O12="","",IFERROR(IF(ABS(O12-'S1 Jawapan'!O12)<0.5,"✓","✗"),"✗")) | Z12: =IF(U12="","",IFERROR(IF(ABS(U12-'S1 Jawapan'!U12)<0.5,"✓","✗"),"✗")) | AF12: =IF(AA12="","",IFERROR(IF(ABS(AA12-'S1 Jawapan'!AA12)<0.5,"✓","✗"),"✗"))
B13: 5. Membayar gaji pekerja RM900 dengan cek. | T13: =IF(O13="","",IFERROR(IF(ABS(O13-'S1 Jawapan'!O13)<0.5,"✓","✗"),"✗")) | Z13: =IF(U13="","",IFERROR(IF(ABS(U13-'S1 Jawapan'!U13)<0.5,"✓","✗"),"✗")) | AF13: =IF(AA13="","",IFERROR(IF(ABS(AA13-'S1 Jawapan'!AA13)<0.5,"✓","✗"),"✗"))
B14: 6. Membayar Syarikat Bina RM3 400 dengan cek dan menerima diskaun RM200. | T14: =IF(O14="","",IFERROR(IF(ABS(O14-'S1 Jawapan'!O14)<0.5,"✓","✗"),"✗")) | Z14: =IF(U14="","",IFERROR(IF(ABS(U14-'S1 Jawapan'!U14)<0.5,"✓","✗"),"✗")) | AF14: =IF(AA14="","",IFERROR(IF(ABS(AA14-'S1 Jawapan'!AA14)<0.5,"✓","✗"),"✗"))
B15: 7. Pemilik mengambil barang niaga berkos RM300 untuk kegunaan sendiri. | T15: =IF(O15="","",IFERROR(IF(ABS(O15-'S1 Jawapan'!O15)<0.5,"✓","✗"),"✗")) | Z15: =IF(U15="","",IFERROR(IF(ABS(U15-'S1 Jawapan'!U15)<0.5,"✓","✗"),"✗")) | AF15: =IF(AA15="","",IFERROR(IF(ABS(AA15-'S1 Jawapan'!AA15)<0.5,"✓","✗"),"✗"))
B16: 8. Menerima komisen RM450 secara tunai. | T16: =IF(O16="","",IFERROR(IF(ABS(O16-'S1 Jawapan'!O16)<0.5,"✓","✗"),"✗")) | Z16: =IF(U16="","",IFERROR(IF(ABS(U16-'S1 Jawapan'!U16)<0.5,"✓","✗"),"✗")) | AF16: =IF(AA16="","",IFERROR(IF(ABS(AA16-'S1 Jawapan'!AA16)<0.5,"✓","✗"),"✗"))
B18: (b) Hitung jumlah Aset, Liabiliti dan Ekuiti Pemilik pada 31 Mac 2025. [2 markah]
B19: Jumlah Aset (RM) | AC19: =IF(X19="","",IFERROR(IF(ABS(X19-'S1 Jawapan'!X19)<0.5,"✓","✗"),"✗"))
B20: Jumlah Liabiliti (RM) | AC20: =IF(X20="","",IFERROR(IF(ABS(X20-'S1 Jawapan'!X20)<0.5,"✓","✗"),"✗"))
B21: Ekuiti Pemilik (RM) | AC21: =IF(X21="","",IFERROR(IF(ABS(X21-'S1 Jawapan'!X21)<0.5,"✓","✗"),"✗"))

Sheet S2
B1: Soalan 2 (Kertas 2): Pengiraan persamaan perakaunan [8 markah]
B2: Taip jawapan anda dalam sel kuning. Nombor sahaja: tanpa RM, tanpa koma. Masukkan 0 jika tiada jawapan. Gunakan tanda tolak (-) untuk pengurangan. ✓ = betul, ✗ = cuba lagi.
B3: Markah anda: | H3: =COUNTIF(B4:AG42,"✓")&" betul daripada 6 sel jawapan" -> 0 betul daripada 6 sel jawapan
B5: Jawab semua bahagian. Tunjukkan jalan kira.
B7: (a) Aset sebuah perniagaan berjumlah RM96 500 dan liabilitinya RM31 200. Hitung ekuiti pemilik. [1 markah]
B8: Maklumat soalan | X8: Angka
B9: Aset (RM) | X9: 96500
B10: Liabiliti (RM) | X10: 31200
B12: Ekuiti pemilik (RM) | AC12: =IF(X12="","",IFERROR(IF(ABS(ABS(X12)-ABS('S2 Jawapan'!X12))<0.5,"✓","✗"),"✗"))
B14: (b) Maklumat berikut diperoleh daripada Perniagaan Hafiz bagi tahun berakhir 31 Disember 2025. Hitung untung bersih dan ekuiti pemilik pada 31 Disember 2025. [3 markah]
B15: Maklumat soalan | X15: Angka
B16: Modal pada 1 Januari 2025 (RM) | X16: 48000
B17: Modal tambahan (RM) | X17: 5000
B18: Hasil (RM) | X18: 36500
B19: Belanja (RM) | X19: 21800
B20: Ambilan (RM) | X20: 6200
B22: Untung bersih (RM) | AC22: =IF(X22="","",IFERROR(IF(ABS(ABS(X22)-ABS('S2 Jawapan'!X22))<0.5,"✓","✗"),"✗"))
B23: Ekuiti pemilik pada 31 Disember 2025 (RM) | AC23: =IF(X23="","",IFERROR(IF(ABS(ABS(X23)-ABS('S2 Jawapan'!X23))<0.5,"✓","✗"),"✗"))
B25: (c) Liabiliti Perniagaan Hafiz pada 31 Disember 2025 ialah RM18 300. Hitung jumlah aset. [1 markah]
B26: Maklumat soalan | X26: Angka
B27: Liabiliti (RM) | X27: 18300
B29: Jumlah aset (RM) | AC29: =IF(X29="","",IFERROR(IF(ABS(ABS(X29)-ABS('S2 Jawapan'!X29))<0.5,"✓","✗"),"✗"))
B31: (d) Baki berikut diambil daripada buku Kedai Ros. Hitung baki tunai. [3 markah]
B32: Maklumat soalan | X32: Angka
B33: Bank (RM) | X33: 12000
B34: Inventori (RM) | X34: 9500
B35: Kenderaan (RM) | X35: 30000
B36: Akaun Belum Terima (RM) | X36: 4200
B37: Liabiliti (RM) | X37: 15000
B38: Ekuiti Pemilik (RM) | X38: 42000
B40: Jumlah Liabiliti + Ekuiti Pemilik (RM) | AC40: =IF(X40="","",IFERROR(IF(ABS(ABS(X40)-ABS('S2 Jawapan'!X40))<0.5,"✓","✗"),"✗"))
B41: Baki tunai (RM) | AC41: =IF(X41="","",IFERROR(IF(ABS(ABS(X41)-ABS('S2 Jawapan'!X41))<0.5,"✓","✗"),"✗"))

Sheet S1 Jawapan
B1: Soalan 1 (Kertas 2): Kesan urus niaga [10 markah]: Jawapan
B2: Helaian jawapan. Sel hijau mengandungi jawapan yang betul. Setiap angka ialah formula yang dipautkan kepada helaian soalan.
B3: Jawapan bertulis ialah jawapan contoh: perkataan lain yang membawa maksud yang sama juga diterima.
B5: Perniagaan Nurul memulakan operasi pada 1 Mac 2025. Urus niaga berikut berlaku pada bulan Mac 2025.
B7: (a) Lengkapkan jadual berikut untuk menunjukkan kesan bersih setiap urus niaga ke atas Aset, Liabiliti dan Ekuiti Pemilik. Gunakan + untuk bertambah, - untuk berkurang dan 0 jika tiada kesan. [8 markah]
B8: Urus niaga | O8: Aset (RM) | U8: Liabiliti (RM) | AA8: Ekuiti Pemilik (RM)
B9: 1. Nurul memulakan perniagaan dengan RM15 000 di bank dan sebuah kenderaan bernilai RM25 000. | O9: =40000 -> 40000 | U9: =0 -> 0 | AA9: =40000 -> 40000
B10: 2. Membeli barang niaga secara kredit RM3 600 daripada Syarikat Bina. | O10: =3600 -> 3600 | U10: =3600 -> 3600 | AA10: =0 -> 0
B11: 3. Membeli mesin RM6 000. RM2 000 dibayar dengan cek dan bakinya secara kredit. | O11: =4000 -> 4000 | U11: =4000 -> 4000 | AA11: =0 -> 0
B12: 4. Menjual barang niaga berkos RM1 500 secara tunai dengan harga RM2 300. | O12: =800 -> 800 | U12: =0 -> 0 | AA12: =800 -> 800
B13: 5. Membayar gaji pekerja RM900 dengan cek. | O13: =-900 -> -900 | U13: =0 -> 0 | AA13: =-900 -> -900
B14: 6. Membayar Syarikat Bina RM3 400 dengan cek dan menerima diskaun RM200. | O14: =-3400 -> -3400 | U14: =-3600 -> -3600 | AA14: =200 -> 200
B15: 7. Pemilik mengambil barang niaga berkos RM300 untuk kegunaan sendiri. | O15: =-300 -> -300 | U15: =0 -> 0 | AA15: =-300 -> -300
B16: 8. Menerima komisen RM450 secara tunai. | O16: =450 -> 450 | U16: =0 -> 0 | AA16: =450 -> 450
B18: (b) Hitung jumlah Aset, Liabiliti dan Ekuiti Pemilik pada 31 Mac 2025. [2 markah]
B19: Jumlah Aset (RM) | X19: =$O$9+$O$10+$O$11+$O$12+$O$13+$O$14+$O$15+$O$16 -> 44250
B20: Jumlah Liabiliti (RM) | X20: =$U$9+$U$10+$U$11+$U$12+$U$13+$U$14+$U$15+$U$16 -> 4000
B21: Ekuiti Pemilik (RM) | X21: =$AA$9+$AA$10+$AA$11+$AA$12+$AA$13+$AA$14+$AA$15+$AA$16 -> 40250

Sheet S2 Jawapan
B1: Soalan 2 (Kertas 2): Pengiraan persamaan perakaunan [8 markah]: Jawapan
B2: Helaian jawapan. Sel hijau mengandungi jawapan yang betul. Setiap angka ialah formula yang dipautkan kepada helaian soalan.
B3: Jawapan bertulis ialah jawapan contoh: perkataan lain yang membawa maksud yang sama juga diterima.
B5: Jawab semua bahagian. Tunjukkan jalan kira.
B7: (a) Aset sebuah perniagaan berjumlah RM96 500 dan liabilitinya RM31 200. Hitung ekuiti pemilik. [1 markah]
B8: Maklumat soalan | X8: Angka
B9: Aset (RM) | X9: =S2!X9 -> 96500
B10: Liabiliti (RM) | X10: =S2!X10 -> 31200
B12: Ekuiti pemilik (RM) | X12: =$X$9-$X$10 -> 65300
B14: (b) Maklumat berikut diperoleh daripada Perniagaan Hafiz bagi tahun berakhir 31 Disember 2025. Hitung untung bersih dan ekuiti pemilik pada 31 Disember 2025. [3 markah]
B15: Maklumat soalan | X15: Angka
B16: Modal pada 1 Januari 2025 (RM) | X16: =S2!X16 -> 48000
B17: Modal tambahan (RM) | X17: =S2!X17 -> 5000
B18: Hasil (RM) | X18: =S2!X18 -> 36500
B19: Belanja (RM) | X19: =S2!X19 -> 21800
B20: Ambilan (RM) | X20: =S2!X20 -> 6200
B22: Untung bersih (RM) | X22: =$X$18-$X$19 -> 14700
B23: Ekuiti pemilik pada 31 Disember 2025 (RM) | X23: =$X$16+$X$17+$X$22-$X$20 -> 61500
B25: (c) Liabiliti Perniagaan Hafiz pada 31 Disember 2025 ialah RM18 300. Hitung jumlah aset. [1 markah]
B26: Maklumat soalan | X26: Angka
B27: Liabiliti (RM) | X27: =S2!X27 -> 18300
B29: Jumlah aset (RM) | X29: =$X$23+$X$27 -> 79800
B31: (d) Baki berikut diambil daripada buku Kedai Ros. Hitung baki tunai. [3 markah]
B32: Maklumat soalan | X32: Angka
B33: Bank (RM) | X33: =S2!X33 -> 12000
B34: Inventori (RM) | X34: =S2!X34 -> 9500
B35: Kenderaan (RM) | X35: =S2!X35 -> 30000
B36: Akaun Belum Terima (RM) | X36: =S2!X36 -> 4200
B37: Liabiliti (RM) | X37: =S2!X37 -> 15000
B38: Ekuiti Pemilik (RM) | X38: =S2!X38 -> 42000
B40: Jumlah Liabiliti + Ekuiti Pemilik (RM) | X40: =$X$37+$X$38 -> 57000
B41: Baki tunai (RM) | X41: =$X$40-($X$33+$X$34+$X$35+$X$36) -> 1300
